City_ID,City,Lat,Lng,Max Temp,Humidity,Cloudiness,Wind Speed,Country,Date
0,bredasdorp,-34.5322,20.0403,16.49,75,66,1.8,ZA,1704670502
1,weno,7.4515,151.8468,28.35,69,89,9.35,FM,1704670502
2,ushuaia,-54.8,-68.3,9.81,53,40,7.72,AR,1704670166
3,newala kisimani,-10.95,39.2833,20.8,90,100,1.22,TZ,1704670503
4,west island,-12.1568,96.8225,26.99,83,75,7.2,CC,1704670503
5,ancud,-41.8697,-73.8203,13.82,84,56,3.49,CL,1704670503
6,stanley,54.868,-1.6985,2.1,96,40,1.54,GB,1704670459
7,gubkinskiy,64.434,76.5026,-20.61,94,100,4.22,RU,1704670503
8,port-aux-francais,-49.35,70.2167,7.85,94,98,14.74,TF,1704670503
9,longyearbyen,78.2186,15.6401,-17.09,60,75,6.17,SJ,1704670503
10,grytviken,-54.2811,-36.5092,5.49,74,35,0.88,GS,1704670503
11,tazovsky,67.4667,78.7,-25.53,100,45,3.19,RU,1704670503
12,lihue,21.9789,-159.3672,27.42,67,100,6.17,US,1704670504
13,hawaiian paradise park,19.5933,-154.9731,25.02,90,75,5.14,US,1704670504
14,invercargill,-46.4,168.35,19.45,72,100,0.89,NZ,1704670131
15,ribeira grande,38.5167,-28.7,15.99,73,78,5.81,PT,1704670504
16,margaret river,-33.95,115.0667,22.22,59,93,2.14,AU,1704670504
17,chui,-33.6971,-53.4616,19.84,97,100,3.88,UY,1704670504
18,khair,27.95,77.8333,6.6,55,0,1.51,IN,1704670504
19,aoulef,26.9667,1.0833,15.82,26,80,3.02,DZ,1704670504
20,guaitarilla,1.1386,-77.553,11.88,94,96,1.94,CO,1704670504
21,namibe,-15.1961,12.1522,22.5,82,100,2.57,AO,1704670504
22,adamstown,-25.066,-130.1015,22.49,74,100,6.19,PN,1704670505
23,yuzhno-kurilsk,44.0306,145.8556,-1.46,79,83,7.05,RU,1704670505
24,lompoc,34.6391,-120.4579,14.96,45,0,7.72,US,1704670505
25,iqaluit,63.7506,-68.5145,-24.15,70,75,1.54,CA,1704670505
26,kailua-kona,19.6406,-155.9956,26.39,76,40,3.09,US,1704670329
27,ceeldheer,3.8488,47.1806,24.05,74,5,8.4,SO,1704670505
28,hamilton,39.1834,-84.5333,2.83,78,100,4.02,US,1704670134
29,hadibu,12.65,54.0333,23.04,61,27,6.88,YE,1704670371
30,shimo-furano,43.35,142.3833,-5.78,86,95,0.6,JP,1704670505
31,petropavlovsk-kamchatsky,53.0452,158.6483,-15.86,78,20,5.36,RU,1704670505
32,vila velha,-20.3297,-40.2925,26.97,74,100,1.03,BR,1704670506
33,thompson,55.7435,-97.8558,-26.91,83,20,1.03,CA,1704670506
34,levuka,50.1834,-105.4011,-13.1,95,100,3.23,CA,1704670506
35,isafjordur,66.0755,-23.124,5.2,88,100,9.5,IS,1704670506
36,waitangi,-43.9535,-176.5597,14.9,67,48,3.46,NZ,1704670506
37,jamestown,42.097,-79.2353,0.57,100,100,3.6,US,1704670351
38,codrington,-38.2667,141.9667,16.41,92,100,7.72,AU,1704670506
39,bethel,41.3712,-73.414,1.05,81,100,2.06,US,1704670506
40,saint-francois,46.4154,3.9054,2.69,87,100,5.66,FR,1704670506
41,puerto ayora,-0.7393,-90.3518,25.86,92,99,2.68,EC,1704670507
42,college,64.8569,-147.8028,-9.39,79,100,2.57,US,1704670507
43,konstantinovka,49.6167,127.9833,-18.68,83,98,4.97,RU,1704670507
44,flying fish cove,-10.4217,105.6791,25.82,94,75,2.57,CX,1704670507
45,la passe,45.5549,-0.8967,5.13,84,72,5.01,FR,1704670507
46,wailua homesteads,22.0669,-159.378,27.08,67,100,6.17,US,1704670408
47,ichinoseki,38.9167,141.1333,-0.94,67,82,5.5,JP,1704670507
48,redencao,-4.2258,-38.7306,24.25,87,49,1.4,BR,1704670507
49,cabedelo,-6.9811,-34.8339,26.37,80,0,2.67,BR,1704670507
50,port dickson,2.5228,101.7959,24.8,87,100,2.17,MY,1704670507
51,papatowai,-46.5619,169.4708,18.08,59,100,2.33,NZ,1704670507
52,puerto natales,-51.7236,-72.4875,8.83,62,70,7.55,CL,1704670508
53,punta arenas,-53.15,-70.9167,10.06,50,0,8.75,CL,1704670258
54,hastings,50.8552,0.5729,3.27,70,16,8.04,GB,1704670264
55,klyuchi,52.2667,79.1667,-0.29,97,100,9.95,RU,1704670508
56,ankang,32.68,109.0172,5.58,73,100,0.77,CN,1704670508
57,tughyl,47.7252,84.2063,-9.15,97,100,5.0,KZ,1704670508
58,talnakh,69.4865,88.3972,-21.0,98,100,4.15,RU,1704670508
59,island harbour,50.724,-1.2758,3.29,77,23,3.58,GB,1704670508
60,champerico,14.3,-91.9167,32.3,74,46,3.29,GT,1704670509
61,blackmans bay,-43.0167,147.3167,15.07,95,100,4.92,AU,1704670509
62,hermanus,-34.4187,19.2345,17.14,72,69,3.33,ZA,1704670509
63,svetlyy,54.675,20.1347,-12.02,86,77,5.3,RU,1704670509
64,kavieng,-2.5744,150.7967,29.07,70,100,2.23,PG,1704670509
65,fort bragg,35.139,-79.006,11.75,47,0,4.12,US,1704670301
66,fremont,37.5483,-121.9886,13.55,45,0,6.17,US,1704670509
67,lata,40.1629,-8.3327,3.37,80,34,1.47,PT,1704670509
68,yokadouma,3.5167,15.05,20.54,30,19,0.72,CM,1704670509
69,tomatlan,19.9333,-105.25,25.76,64,39,2.1,MX,1704670509
70,fada,9.5667,8.3,20.38,16,0,3.49,NG,1704670510
71,camacupa,-12.0167,17.4833,16.29,96,100,1.51,AO,1704670510
72,albany,42.6001,-73.9662,-1.35,89,99,1.07,US,1704670510
73,port blair,11.6667,92.75,25.83,78,6,4.95,IN,1704670510
74,kerikeri,-35.2268,173.9474,20.95,71,12,5.55,NZ,1704670510
75,vilyuchinsk,52.9306,158.4028,-15.04,84,12,2.68,RU,1704670510
76,boyolangu,-8.1181,111.8935,26.1,87,100,0.19,ID,1704670510
77,badger,64.8,-147.5333,-9.44,80,75,2.57,US,1704670510
78,ust-nera,64.5667,143.2,-43.92,98,84,1.65,RU,1704670510
79,port mathurin,-19.6833,63.4167,27.11,77,52,3.67,MU,1704670511
80,edinburgh of the seven seas,-37.0676,-12.3116,16.51,73,100,3.57,SH,1704670511
81,babayevo,59.3936,35.9371,-17.23,93,41,3.12,RU,1704670511
82,tiksi,71.6872,128.8694,-33.73,96,48,3.2,RU,1704670511
83,kindia,10.0569,-12.8658,22.56,56,97,1.54,GN,1704670511
84,geraldton,-28.7667,114.6,23.23,68,5,4.12,AU,1704670287
85,nuku'alofa,-21.1333,-175.2,30.19,79,75,3.6,TO,1704670511
86,kidal,18.4411,1.4078,23.13,13,100,2.94,ML,1704670511
87,argostolion,38.1811,20.489,14.3,59,66,7.87,GR,1704670511
88,yellowknife,62.456,-114.3525,-33.58,75,75,1.03,CA,1704670512
89,tazacorte,28.629,-17.9293,18.54,89,0,3.6,ES,1704670512
90,prado,-17.3411,-39.2208,25.07,92,100,1.74,BR,1704670512
91,atafu village,-8.5421,-172.5159,26.19,74,100,0.57,TK,1704670512
92,novyy urgal,51.0736,132.5642,-32.67,99,76,0.57,RU,1704670512
93,luena,-11.7833,19.9167,20.1,94,100,1.54,AO,1704670512
94,mount pearl,47.5166,-52.7813,-5.02,79,20,7.72,CA,1704670512
95,grenville,12.1167,-61.6167,26.03,77,43,8.63,GD,1704670513
96,megalopoli,37.4011,22.1422,9.67,83,100,5.62,GR,1704670513
97,oranjemund,-28.55,16.4333,17.52,80,7,10.66,NA,1704670513
98,labrador city,52.9463,-66.9114,-29.05,76,0,1.03,CA,1704670513
99,tralee,52.2704,-9.7026,1.78,93,2,2.96,IE,1704670513
100,ballina,-28.8667,153.5667,26.87,69,100,2.18,AU,1704670513
101,kralendijk,12.15,-68.2667,26.99,78,86,6.69,BQ,1704670513
102,olonkinbyen,70.9221,-8.7187,1.89,81,100,11.3,SJ,1704670513
103,kolonia,50.9333,6.95,-0.02,64,100,5.14,DE,1704670460
104,whitehorse,60.7161,-135.0538,-17.57,82,75,9.26,CA,1704670513
105,kapuskasing,49.4169,-82.4331,-7.95,86,100,4.63,CA,1704670513
106,guiuan,11.0333,125.7247,26.75,88,97,2.79,PH,1704670514
107,twon-brass,4.3151,6.2418,27.34,81,3,2.85,NG,1704670514
108,labis,2.385,103.021,23.56,98,89,1.28,MY,1704670514
109,nyurba,63.2842,118.3319,-24.46,99,100,0.92,RU,1704670514
110,bilibino,68.0546,166.4372,-31.23,97,100,0.7,RU,1704670514
111,sierra vista,31.5545,-110.3037,8.03,53,100,10.8,US,1704670514
112,mayya,61.7333,130.2811,-49.27,100,70,1.24,RU,1704670514
113,nouadhibou,20.931,-17.0347,20.99,56,5,4.63,MR,1704670514
114,sucre,-19.0333,-65.2627,20.47,36,23,1.53,BO,1704670478
115,tatsinskiy,48.1968,41.2756,-5.57,92,100,6.54,RU,1704670514
116,veraval,20.9,70.3667,20.79,45,11,6.04,IN,1704670515
117,paris,48.8534,2.3488,1.77,77,100,7.2,FR,1704670003
118,tura,25.5198,90.2201,11.73,62,0,0.9,IN,1704670515
119,goure,13.9835,10.2704,17.6,18,0,3.51,NE,1704670515
120,coahuayana de hidalgo,18.7,-103.6583,25.91,69,98,1.44,MX,1704670305
121,butterworth,5.3991,100.3638,25.03,96,20,1.03,MY,1704670515
122,babu,24.4167,111.5167,14.8,92,97,2.24,CN,1704670515
123,comodoro rivadavia,-45.8667,-67.5,23.92,20,40,11.83,AR,1704670515
124,prince rupert,54.3161,-130.3201,3.83,87,0,7.2,CA,1704670516
125,glace bay,46.1969,-59.957,-3.35,76,100,4.63,CA,1704670516
126,marondera,-18.1853,31.5519,15.85,94,99,0.8,ZW,1704670516
127,aioun,16.6614,-9.6149,22.31,13,0,4.69,MR,1704670516
128,guerrero negro,27.9769,-114.0611,15.93,78,16,11.52,MX,1704670517
129,alamosa,37.4695,-105.87,-4.01,74,20,7.2,US,1704670517
130,manaure,11.7751,-72.4445,27.08,72,94,10.22,CO,1704670517
131,castlegar,49.2998,-117.6689,0.38,96,100,1.43,CA,1704670517
132,sur,22.5667,59.5289,22.98,64,50,4.73,OM,1704670517
133,hasaki,35.7333,140.8333,1.22,46,3,7.59,JP,1704670517
134,bridlington,54.0831,-0.1919,5.01,77,96,2.24,GB,1704670517
135,howard springs,-12.497,131.047,28.95,81,100,2.83,AU,1704670517
136,khandyga,62.6667,135.6,-49.67,100,96,0.98,RU,1704670517
137,polyarnyy,69.1989,33.4478,-3.23,82,91,16.18,RU,1704670518
138,luanda,-8.8368,13.2343,26.0,75,20,3.09,AO,1704670518
139,khorixas,-20.3667,14.9667,23.81,32,58,1.11,NA,1704670518
140,nemuro,43.3236,145.575,-0.3,68,14,6.79,JP,1704670518
141,port elizabeth,-33.918,25.5701,18.39,90,40,5.14,ZA,1704670518
142,itoman,26.1247,127.6694,17.43,61,40,2.57,JP,1704670254
143,ghanzi,-21.5667,21.7833,26.79,41,100,3.77,BW,1704670518
144,zhosaly,45.4878,64.0781,3.4,73,100,9.4,KZ,1704670518
145,las khorey,11.1595,48.1967,23.43,62,12,4.32,SO,1704670518
146,ola,59.5833,151.2833,-34.38,78,3,2.68,RU,1704670518
147,viqueque,-8.8673,126.3658,30.13,63,100,1.12,TL,1704670518
148,wanning,18.8003,110.3967,20.18,90,76,0.64,CN,1704670519
149,warrnambool,-38.3833,142.4833,16.35,93,100,8.02,AU,1704670299
150,nar'yan-mar,67.6713,53.087,-14.94,94,69,4.02,RU,1704670519
151,touros,-5.1989,-35.4608,27.19,76,74,4.14,BR,1704670519
152,la'ie,21.6477,-157.9253,28.98,76,25,1.34,US,1704670519
153,nizhniy odes,63.6445,54.856,-19.89,99,100,2.03,RU,1704670519
154,beyneu,45.3167,55.2,2.77,84,96,2.44,KZ,1704670519
155,remire-montjoly,4.9167,-52.2667,27.02,74,100,3.09,GF,1704670519
156,carnarvon,-24.8667,113.6333,24.18,77,0,6.12,AU,1704670519
157,tuy hoa,13.0833,109.3,22.38,88,100,2.58,VN,1704670520
158,aydarken,39.9443,71.3429,-1.91,63,91,2.36,KG,1704670520
159,iskateley,67.6803,53.1512,-14.99,94,81,4.02,RU,1704670520
160,vegreville,53.5001,-112.0518,-18.97,84,99,1.03,CA,1704670520
161,chernolesskoye,44.7156,43.7133,3.94,77,63,3.94,RU,1704670520
162,hepingjie,42.0597,126.9158,-18.54,80,58,2.99,CN,1704670520
163,constantia,44.1833,28.65,6.38,96,100,1.6,RO,1704670520
164,mamanguape,-6.8386,-35.1261,26.18,84,0,1.98,BR,1704670520
165,muisne,0.6,-80.0333,25.36,88,100,3.81,EC,1704670520
166,meadow lakes,61.6247,-149.6011,2.01,60,100,6.17,US,1704670520
167,al hazm,16.1641,44.7769,14.86,50,10,1.86,YE,1704670521
168,mapleton,40.1302,-111.5785,-2.01,77,75,9.77,US,1704670521
169,bubaque,11.2833,-15.8333,26.58,67,27,5.33,GW,1704670521
170,avarua,-21.2078,-159.775,29.03,79,20,7.2,CK,1704670521
171,labytnangi,66.6572,66.4183,-29.13,100,72,1.04,RU,1704670521
172,kapa'a,22.0752,-159.319,27.83,67,100,6.17,US,1704670262
173,shuangjiang,26.1547,109.7138,6.8,97,100,1.19,CN,1704670521
174,nova sintra,14.8667,-24.7167,21.64,71,1,5.11,CV,1704670521
175,lebu,-37.6167,-73.65,15.56,84,0,5.94,CL,1704670521
176,lokomotivnyy,53.0118,60.5684,-19.14,83,99,6.65,RU,1704670521
177,camana,-16.6228,-72.7111,22.23,78,87,1.17,PE,1704670522
178,trinidad,-14.8333,-64.9,28.99,79,75,2.06,BO,1704670522
179,andi,42.7836,46.2617,1.59,59,100,0.77,RU,1704670522
180,tidjikja,18.5564,-11.4271,20.63,13,0,4.97,MR,1704670522
181,xining,36.6167,101.7667,-5.23,31,35,0.93,CN,1704670522
182,cambria,35.5641,-121.0808,14.3,51,0,5.9,US,1704670337
183,el colorado,-26.3081,-59.3729,32.03,39,24,2.92,AR,1704670522
184,howrah,22.5892,88.3103,16.0,88,43,3.09,IN,1704670162
185,fale old settlement,-9.3852,-171.2468,27.82,74,96,4.26,TK,1704670522
186,minas de marcona,-15.2119,-75.1103,18.38,73,98,5.56,PE,1704670522
187,skiathos,39.1623,23.4909,11.09,66,60,8.77,GR,1704670522
188,cupar,56.3188,-3.012,2.4,95,0,2.06,GB,1704670522
189,colachel,8.1667,77.25,24.25,91,100,1.36,IN,1704670522
190,ilulissat,69.2167,-51.1,-6.99,68,100,8.23,GL,1704670522
191,cill airne,52.05,-9.5167,3.24,92,24,1.85,IE,1704670522
192,uturoa,-16.7333,-151.4333,27.37,76,56,3.59,PF,1704670523
193,hami,42.8,93.45,-8.74,73,41,2.05,CN,1704670523
194,vadso,70.0744,29.7487,-3.51,80,20,5.66,NO,1704670523
195,khulm,36.6974,67.6983,7.64,85,100,3.12,AF,1704670523
196,enriquillo,17.9,-71.2333,24.82,94,7,2.28,DO,1704670523
197,avare,-23.0986,-48.9258,24.32,53,58,3.19,BR,1704670523
198,saint-pierre,-21.3393,55.4781,24.82,73,100,2.06,RE,1704670523
199,plastun,44.7561,136.2939,-16.9,72,7,3.35,RU,1704670523
200,afaahiti,-17.75,-149.2833,28.93,82,30,5.37,PF,1704670523
201,humaita,-7.5061,-63.0208,25.4,87,46,1.72,BR,1704670523
202,zavetnoye,47.1194,43.8903,-2.51,63,100,7.78,RU,1704670523
203,urucara,-2.5364,-57.76,24.85,85,81,1.28,BR,1704670523
204,sao gabriel da cachoeira,-0.1303,-67.0892,25.24,86,96,0.8,BR,1704670523
205,ta`u,-14.2336,-169.5144,28.15,79,77,5.02,AS,1704670524
206,sabang,5.8933,95.3214,25.8,91,100,11.13,ID,1704670524
207,villa gesell,-37.2639,-56.973,20.59,88,73,4.93,AR,1704670524
208,nur-sultan,51.1801,71.446,-0.03,93,75,13.0,KZ,1704670487
209,mata-utu,-13.2816,-176.1745,28.78,74,99,3.96,WF,1704670524
210,kamar mushani,32.8439,71.3669,11.09,46,28,1.13,PK,1704670524
211,alofi,-19.0595,-169.9187,25.94,94,21,1.54,NU,1704670305
212,arvayheer,46.2639,102.775,-11.0,89,87,2.32,MN,1704670524
213,toliara,-23.35,43.6667,25.95,85,6,1.5,MG,1704670524
214,zhezqazghan,47.7833,67.7667,-0.68,93,100,11.0,KZ,1704670524
215,korla,41.7597,86.1469,-6.41,71,19,1.73,CN,1704670525
216,buta,2.7858,24.73,19.19,45,21,0.44,CD,1704670525
217,krasnaya yaruga,50.8008,35.6583,-16.28,88,100,6.08,RU,1704670525
218,swift current,50.2834,-107.8014,-13.55,85,20,3.6,CA,1704670402
219,bayanhongor,46.7167,100.1167,-14.25,92,100,1.07,MN,1704670525
220,kouango,4.9934,19.9619,23.63,25,4,0.72,CF,1704670525
221,saalfelden am steinernen meer,47.4268,12.848,-4.06,98,100,0.77,AT,1704670525
222,hede,33.7681,120.2517,1.08,68,79,1.92,CN,1704670525
223,sitka,57.0531,-135.33,3.94,56,100,8.23,US,1704670525
224,sosnovo-ozerskoye,52.5249,111.5418,-24.68,99,95,3.04,RU,1704670525
225,itaituba,-4.2761,-55.9836,23.27,98,91,1.11,BR,1704670482
226,lamar,33.6668,-95.5836,12.95,38,0,5.14,US,1704670525
227,runaway bay,18.4596,-77.3357,25.84,85,18,5.06,JM,1704670526
228,chibougamau,49.9168,-74.3659,-12.21,79,100,3.09,CA,1704670526
229,joaima,-16.6542,-41.0306,23.5,99,100,1.2,BR,1704670526
230,juneau,58.3019,-134.4197,-2.0,90,100,1.54,US,1704670526
231,el abiodh sidi cheikh,32.893,0.5484,6.23,32,19,2.19,DZ,1704670526
232,kirkwood,38.5834,-90.4068,3.17,76,68,0.89,US,1704670526
233,bontang,0.1333,117.5,26.0,85,100,2.29,ID,1704670526
234,susuman,62.7833,148.1667,-38.34,98,97,1.34,RU,1704670526
235,aasiaat,68.7098,-52.8699,-10.5,75,100,5.43,GL,1704670526
236,utrik,11.2278,169.8474,26.76,68,36,8.17,MH,1704670526
237,porbandar,21.6422,69.6093,19.15,51,1,6.51,IN,1704670526
238,thief river falls,48.1191,-96.1812,-16.04,92,100,2.57,US,1704670526
239,mujiayingzi,42.1167,118.7833,-12.34,74,84,2.64,CN,1704670527
240,st. john's,47.5649,-52.7093,-4.56,78,20,7.72,CA,1704670527
241,oxapampa,-10.5775,-75.4017,17.57,98,88,0.67,PE,1704670527
242,yigo village,13.5361,144.8886,28.19,89,75,5.66,GU,1704670527
243,abepura,-2.6333,140.5833,25.45,94,40,1.03,ID,1704670530
244,vilyeyka,54.4896,26.9062,-14.83,89,100,3.73,BY,1704670530
245,yaren,-0.5472,166.916,29.12,74,99,5.08,NR,1704670531
246,colonia,50.9333,6.95,-0.02,64,75,6.17,DE,1704670236
247,pandan,14.0453,124.1694,26.23,87,95,7.06,PH,1704670531
248,zuunmod,47.7069,106.9528,-24.43,90,89,1.3,MN,1704670531
249,saharanpur,29.9667,77.55,7.99,51,0,1.72,IN,1704670531
250,san antonio de pale,-1.4014,5.6325,27.08,78,18,3.44,GQ,1704670531
251,ciudad acuna,29.3232,-100.9522,21.16,48,75,10.8,MX,1704670359
252,krychaw,53.6945,31.7099,-16.69,89,100,4.01,BY,1704670531
253,lukolela,-1.0605,17.1821,22.06,92,100,1.56,CD,1704670531
254,ourinhos,-22.9789,-49.8706,28.81,36,72,2.0,BR,1704670531
255,port-vila,-17.7338,168.3219,28.78,79,75,2.06,VU,1704670259
256,port lincoln,-34.7333,135.8667,16.98,76,100,6.53,AU,1704670532
257,chetouane,34.9213,-1.2951,1.8,93,0,1.03,DZ,1704670532
258,manado,1.487,124.8455,27.43,89,20,1.54,ID,1704670532
259,kodarma,24.4667,85.6,12.84,90,5,1.57,IN,1704670532
260,palembang,-2.9167,104.7458,25.05,94,40,1.03,ID,1704670532
261,aqsay,51.1678,52.995,-23.36,95,7,3.18,KZ,1704670532
262,sungai penuh,-2.0833,101.3833,18.71,95,100,1.42,ID,1704670532
263,erdenet,49.0333,104.0833,-15.66,95,84,1.41,MN,1704670532
264,nokia,61.4667,23.5,-9.05,91,100,4.12,FI,1704670532
265,egilsstadir,65.2653,-14.3948,4.95,70,0,4.63,IS,1704670532
266,sao tome,0.3365,6.7273,26.97,80,28,3.56,ST,1704670532
267,san fernando de monte cristi,19.8667,-71.65,26.15,81,4,9.4,DO,1704670533
268,todos santos,23.45,-110.2167,23.5,58,0,4.4,MX,1704670533
269,el porvenir,13.7617,-87.3458,28.63,43,2,3.12,HN,1704670533
270,san patricio,28.017,-97.5169,19.91,67,94,7.01,US,1704670258
271,camayenne,9.535,-13.6878,28.05,78,90,3.09,GN,1704670533
272,georgetown,5.4112,100.3354,24.97,97,20,1.03,MY,1704670369
273,san luis,-33.295,-66.3356,24.27,59,19,3.95,AR,1704670533
274,vorgashor,67.5833,63.95,-21.6,99,100,4.2,RU,1704670533
275,bereznik,62.8551,42.7072,-22.66,100,93,1.45,RU,1704670533
276,vernon,50.2581,-119.2691,2.39,64,92,0.51,CA,1704670513
277,pemangkat,1.1667,108.9667,24.87,90,100,2.72,ID,1704670533
278,sechura,-5.5569,-80.8222,22.65,87,96,6.73,PE,1704670533
279,yeppoon,-23.1333,150.7333,28.88,61,89,3.59,AU,1704670533
280,flekkefjord,58.2971,6.6607,-5.59,77,2,2.52,NO,1704670533
281,kodiak,57.79,-152.4072,2.73,75,0,2.06,US,1704670533
282,degollado,20.467,-102.1498,21.35,42,98,3.77,MX,1704670534
283,noshiro,40.2039,140.0242,-2.54,70,100,9.14,JP,1704670534
284,fonte boa,-2.4959,-66.2662,27.51,75,99,0.91,BR,1704670534
285,tual,-5.6667,132.75,28.84,76,78,4.63,ID,1704670534
286,westport,41.1415,-73.3579,1.99,83,75,4.12,US,1704670534
287,sabha,27.0377,14.4283,10.64,24,0,2.45,LY,1704670534
288,tarnogskiy gorodok,60.4997,43.5761,-21.56,100,93,2.11,RU,1704670534
289,cuyo,10.8525,121.0086,27.25,84,29,10.28,PH,1704670534
290,kencong,-8.2833,113.3667,25.18,83,99,1.1,ID,1704670534
291,cedeira,43.6797,-8.0209,6.32,62,56,7.35,ES,1704670534
292,helena valley southeast,46.6153,-111.9216,-6.92,68,40,3.09,US,1704670534
293,yulinshi,38.2906,109.7494,-8.22,66,18,0.55,CN,1704670534
294,qaqortoq,60.7167,-46.0333,0.36,98,97,3.54,GL,1704670534
295,arraial do cabo,-22.9661,-42.0278,22.28,93,15,2.44,BR,1704670534
296,galveston,29.3669,-94.9669,14.06,77,0,5.66,US,1704670393
297,gisborne,-38.6533,178.0042,19.42,57,6,3.56,NZ,1704670130
298,el sauzal de rodriguez,31.9,-116.6833,13.56,56,30,8.64,MX,1704670535
299,bar,49.0772,27.6826,-8.4,93,100,7.78,UA,1704670535
300,birao,10.2849,22.7882,18.71,19,3,3.85,CF,1704670535
301,margate,51.3813,1.3862,3.72,65,22,2.68,GB,1704670435
302,tolanaro,-25.0319,46.9987,23.04,100,75,6.17,MG,1704670535
303,rongelap,11.1635,166.8941,27.02,72,100,7.64,MH,1704670535
304,lerwick,60.1545,-1.1494,5.0,83,93,4.05,GB,1704670535
305,beaufort west,-32.3567,22.583,17.28,81,100,5.66,ZA,1704670535
306,naze,28.3667,129.4833,12.51,63,94,5.09,JP,1704670535
307,springfield,37.2153,-93.2982,5.85,55,0,2.57,US,1704670535
308,port alfred,-33.5906,26.891,18.99,95,100,0.89,ZA,1704670535
309,trairi,-3.2778,-39.2689,26.78,78,75,4.13,BR,1704670525
310,victoria point,-27.5833,153.3,26.98,91,99,0.45,AU,1704670536
311,kalevala,65.2,31.1667,-7.73,94,100,5.81,RU,1704670536
312,tondano,1.3038,124.9112,23.05,80,97,3.71,ID,1704670536
313,timmins,48.4669,-81.3331,-7.1,86,100,1.03,CA,1704670536
314,amga,60.8953,131.9608,-49.05,100,69,0.5,RU,1704670286
315,mahanje,-9.9333,35.3333,19.92,97,100,1.25,TZ,1704670536
316,damghan,36.1683,54.348,3.06,44,0,1.61,IR,1704670536
317,zelenogorskiy,55.0333,87.0,-10.12,98,100,2.05,RU,1704670536
318,shingu,33.7333,135.9833,4.64,53,5,2.35,JP,1704670536
319,erenhot,43.6475,111.9767,-10.49,85,100,2.14,CN,1704670536
320,crane,31.3974,-102.3501,12.86,39,1,12.06,US,1704670536
321,nguruka,-5.1092,31.0419,17.81,96,99,0.68,TZ,1704670536
322,goiatuba,-18.0125,-49.3547,23.29,76,21,1.63,BR,1704670536
323,lastoursville,-0.8143,12.7287,22.98,93,89,0.83,GA,1704670536
324,mount isa,-20.7333,139.5,25.87,83,100,3.09,AU,1704670283
325,north platte,41.1239,-100.7654,0.06,75,100,5.81,US,1704670494
326,anadyr,64.75,177.4833,-13.72,92,100,6.0,RU,1704670536
327,mangai,-4.05,19.5333,21.21,99,95,0.73,CD,1704670537
328,kingston,17.997,-76.7936,28.53,81,20,4.12,JM,1704670294
329,holualoa,19.6228,-155.9522,24.88,76,40,3.09,US,1704670537
330,hammerfest,70.6634,23.6821,-1.75,69,75,3.09,NO,1704670537
331,dudinka,69.4058,86.1778,-20.77,98,100,8.05,RU,1704670537
332,newman,37.3138,-121.0208,11.19,50,0,5.81,US,1704670537
333,keflavik,64.0049,-22.5624,8.24,100,100,11.32,IS,1704670373
334,sinabang,2.4803,96.3801,26.16,83,100,0.32,ID,1704670537
335,enewetak,11.3474,162.3373,27.2,70,23,9.64,MH,1704670537
336,al muwayh,22.4333,41.7583,16.29,46,0,4.21,SA,1704670537
337,concordia,-31.393,-58.0209,21.09,95,80,1.48,AR,1704670537
338,harper,4.375,-7.7169,26.88,85,11,2.72,LR,1704670319
339,sarh,9.1429,18.3923,16.95,72,0,0.0,TD,1704670537
340,nalgonda,17.05,79.2667,17.64,92,2,1.26,IN,1704670537
341,midvagur,62.0511,-7.1939,5.46,75,100,3.09,FO,1704670537
342,tsiombe,-25.3,45.4833,24.35,93,93,2.75,MG,1704670537
343,kish,26.5578,54.0194,19.15,77,0,0.0,IR,1704670538
344,al jawf,29.5,38.75,14.17,64,3,3.9,SA,1704670538
345,mugia,43.1041,-9.2179,3.84,70,54,4.37,ES,1704670538
346,lorengau,-2.0226,147.2712,29.0,76,91,2.54,PG,1704670538
347,coquimbo,-29.9533,-71.3436,19.85,77,0,4.12,CL,1704670405
348,charnay-les-macon,46.3075,4.7848,3.49,84,100,5.34,FR,1704670538
349,mizan teferi,6.9833,35.5833,18.25,71,86,1.87,ET,1704670538
350,kem',64.9555,34.5793,-7.54,93,100,8.03,RU,1704670538
351,kubrat,43.8,26.5,2.89,86,100,5.74,BG,1704670538
352,tshabong,-26.05,22.45,26.17,48,48,3.79,BW,1704670538
353,igarka,67.4667,86.5833,-25.87,97,100,6.78,RU,1704670538
354,donggang,28.9365,114.2259,9.05,79,100,0.52,CN,1704670538
355,ataq,14.5377,46.8319,14.11,52,42,1.88,YE,1704670538
356,mejit,10.2753,170.8646,26.78,65,56,7.53,MH,1704670538
357,padang,-0.9492,100.3543,24.03,86,100,1.75,ID,1704670538
358,port augusta,-32.5,137.7667,22.86,67,79,7.21,AU,1704670288
359,luderitz,-26.6481,15.1594,18.11,75,51,11.81,NA,1704670539
360,ascension,30.2169,-90.9001,12.26,70,100,2.75,US,1704670539
361,sao vicente,-23.9631,-46.3919,27.93,49,61,4.02,BR,1704670539
362,pinotepa nacional,16.3167,-98.0167,25.71,65,41,2.2,MX,1704670364
363,pocora,10.1718,-83.6044,23.14,94,62,0.62,CR,1704670539
364,ventura,34.4667,-119.0176,6.48,34,1,4.92,US,1704670539
365,bogo,11.0517,124.0055,27.11,81,86,4.81,PH,1704670539
366,sambava,-14.2667,50.1667,25.71,91,31,2.34,MG,1704670539
367,arish,31.1316,33.7984,12.1,76,0,0.0,EG,1704670539
368,willowmore,-33.2926,23.4895,15.32,79,100,3.78,ZA,1704670539
369,minot air force base,48.4209,-101.3391,-11.9,85,100,6.17,US,1704670409
370,inyati,-19.6756,28.8469,18.68,56,67,2.79,ZW,1704670539
371,cartagena del chaira,1.3349,-74.8429,26.2,66,93,1.57,CO,1704670539
372,chebba,35.2372,11.115,11.41,53,19,9.73,TN,1704670539
373,dhuusamarreeb,5.535,46.3861,20.83,72,1,5.7,SO,1704670539
374,broome,42.2506,-75.833,-0.72,93,100,5.14,US,1704670540
375,bardai,11.65,7.2333,18.28,16,0,3.97,NG,1704670540
376,conception bay south,47.4999,-52.9981,-4.69,79,79,7.18,CA,1704670471
377,irymple,-34.25,142.1667,22.8,69,43,7.68,AU,1704670541
378,suances,43.4334,-4.0434,7.77,91,71,1.54,ES,1704670541
379,sparti,37.0733,22.4297,11.08,84,77,4.15,GR,1704670541
380,necochea,-38.5473,-58.7368,17.16,85,84,3.62,AR,1704670541
381,talaigua viejo,9.3121,-74.5854,28.69,58,84,2.03,CO,1704670541
382,karasuk,53.7377,78.0403,0.11,97,100,9.55,RU,1704670541
383,mala,-12.6581,-76.6308,21.4,87,87,2.38,PE,1704670541
384,santa cruz,-17.8,-63.1667,30.03,66,20,7.2,BO,1704670390
385,tabou,4.423,-7.3528,27.14,83,10,3.02,CI,1704670541
386,praia da vitoria,38.7333,-27.0667,15.98,82,40,4.94,PT,1704670541
387,tashla,51.7716,52.7427,-26.32,97,7,2.57,RU,1704670542
388,broken hill,-31.95,141.4333,23.87,57,0,6.24,AU,1704670284
389,severnoye,56.3491,78.3619,-6.47,95,100,6.81,RU,1704670542
390,madalena,41.2162,-8.3345,6.97,96,54,1.68,PT,1704670542
391,cadale,2.7603,46.3222,25.05,71,19,9.57,SO,1704670542
392,tokar,18.4254,37.729,23.86,83,1,3.73,SD,1704670542
393,preston,53.7667,-2.7167,4.07,97,97,1.64,GB,1704670542
394,panaba,21.2833,-88.2667,23.96,87,91,5.7,MX,1704670542
395,siuna,13.7332,-84.7773,23.27,79,8,1.41,NI,1704670542
396,el galpon,-25.3807,-64.6526,27.98,69,75,0.82,AR,1704670542
397,khambhat,22.3,72.6167,17.67,69,4,3.95,IN,1704670542
398,smithers,54.7804,-127.1743,-2.82,93,75,1.03,CA,1704670542
399,uzhur,55.3036,89.8339,-17.52,100,88,2.64,RU,1704670542
400,wynyard,-41.0,145.7167,18.27,98,100,0.99,AU,1704670542
401,sandnessjoen,66.0217,12.6316,1.29,70,99,5.95,NO,1704670542
402,vilyuysk,63.7553,121.6247,-33.22,98,100,2.22,RU,1704670542
403,bamboo flat,11.7,92.7167,25.76,79,6,4.87,IN,1704670543
404,yemetsk,63.4721,41.7941,-19.42,99,91,2.34,RU,1704670543
405,bikenibeu village,1.3673,173.1241,30.98,74,75,2.06,KI,1704670543
406,levanger,63.7464,11.2996,-6.97,94,100,3.54,NO,1704670543
407,port hedland,-20.3167,118.5667,32.03,31,6,4.12,AU,1704670543
408,pacific grove,36.6177,-121.9166,14.1,59,0,7.15,US,1704670296
409,zaterechnyy,44.7931,45.2097,2.96,86,100,4.76,RU,1704670543
410,gadzhiyevo,69.2551,33.3362,-3.45,82,90,16.46,RU,1704670261
411,berezovyy,51.6667,135.7,-23.96,82,70,1.32,RU,1704670543
412,waingapu,-9.6567,120.2641,28.58,73,100,0.42,ID,1704670543
413,yuxi,24.355,102.5422,5.28,89,0,0.5,CN,1704670543
414,benalla,-36.55,145.9833,21.28,78,100,3.23,AU,1704670543
415,nadvoitsy,63.8667,34.3167,-10.34,85,85,5.67,RU,1704670543
416,yunguyo,-16.25,-69.0833,10.45,73,66,3.55,PE,1704670543
417,kalisz,51.7611,18.091,-9.38,86,99,5.05,PL,1704670543
418,grande prairie,55.1667,-118.8027,-18.9,71,20,1.03,CA,1704670543
419,boguchany,58.3814,97.4531,-27.86,100,84,1.34,RU,1704670544
420,macapa,0.0389,-51.0664,24.8,89,100,2.78,BR,1704670282
421,barra de santo antonio,-9.4047,-35.5072,25.6,90,0,1.94,BR,1704670544
422,beatrice,40.2681,-96.747,0.99,86,0,5.66,US,1704670544
423,padre bernardo,-15.35,-48.5,22.36,91,87,1.52,BR,1704670346
424,cabo san lucas,22.8909,-109.9124,24.61,43,0,10.29,MX,1704670266
425,acarau,-2.8856,-40.12,27.24,76,100,6.21,BR,1704670544
426,akrehamn,59.2667,5.1833,-2.55,86,83,3.6,NO,1704670544
427,gimbi,9.1667,35.8333,13.47,55,56,0.64,ET,1704670544
428,dunedin,-45.8742,170.5036,22.74,52,97,2.35,NZ,1704670544
429,owando,-0.4819,15.8999,23.5,81,74,1.23,CG,1704670544
430,kavaratti,10.5669,72.642,27.86,76,79,3.55,IN,1704670544
431,naraina,26.7833,75.2,8.09,66,0,1.08,IN,1704670544
432,kiunga,-6.1219,141.2906,26.28,86,100,0.22,PG,1704670544
433,valozhyn,54.0909,26.5225,-14.79,90,100,4.79,BY,1704670544
434,tranqueras,-31.2,-55.75,20.45,88,90,1.35,UY,1704670544
435,bengkulu,-3.8004,102.2655,24.78,86,100,1.07,ID,1704670545
436,pearsall,28.8922,-99.095,21.66,58,73,9.11,US,1704670545
437,mount gambier,-37.8333,140.7667,16.9,85,100,5.55,AU,1704670545
438,puerto cabezas,14.0351,-83.3888,27.98,89,75,3.09,NI,1704670545
439,tefe,-3.3542,-64.7114,29.06,79,20,0.0,BR,1704670545
440,hanceville,34.0607,-86.7675,7.89,65,43,0.66,US,1704670545
441,antonio enes,-16.2325,39.9086,24.58,98,98,1.0,MZ,1704670545
442,acapulco de juarez,16.8634,-99.8901,28.9,70,75,2.57,MX,1704670287
443,nizhneudinsk,54.9076,99.0276,-23.38,100,14,1.58,RU,1704670545
444,severo-yeniseyskiy,60.3725,93.0408,-30.79,100,97,1.79,RU,1704670545
445,qamdo,31.1667,97.2333,-12.04,44,0,0.93,CN,1704670360
446,san juan,-31.5375,-68.5364,31.32,26,0,5.09,AR,1704670303
447,saipan,15.1355,145.701,28.39,83,40,7.2,MP,1704670545
448,zag,46.9441,99.165,-13.13,84,100,3.92,MN,1704670545
449,kununurra,-15.7667,128.7333,25.99,83,100,2.06,AU,1704670545
450,parabel',58.6978,81.4825,-19.57,98,88,4.86,RU,1704670545
451,karratha,-20.7377,116.8463,34.14,23,4,7.81,AU,1704670546
452,porto belo,-27.1578,-48.5531,25.97,99,47,0.33,BR,1704670546
453,hilo,19.7297,-155.09,25.34,88,75,5.14,US,1704670402
454,messaad,34.1543,3.5031,5.01,67,49,8.15,DZ,1704670546
455,mikuni,36.2171,136.1519,2.95,66,100,6.49,JP,1704670546
456,los altos,37.3852,-122.1141,13.28,48,0,5.66,US,1704670273
457,robertsport,6.7533,-11.3686,27.88,84,67,2.99,LR,1704670546
458,kireyevsk,53.9336,37.9279,-23.87,98,35,2.38,RU,1704670546
459,hujra shah muqim,30.7418,73.8236,8.63,46,34,0.13,PK,1704670546
460,sisimiut,66.9395,-53.6735,-10.0,83,100,6.01,GL,1704670546
461,babra,21.85,71.3,17.86,42,0,5.26,IN,1704670546
462,haiku-pauwela,20.9219,-156.3051,26.01,61,20,3.09,US,1704670546
463,torbat-e heydariyeh,35.274,59.2195,1.94,40,0,2.13,IR,1704670546
464,taber,49.8167,-112.1518,-11.44,85,100,1.58,CA,1704670546
465,laguna,38.421,-121.4238,12.3,50,0,6.69,US,1704670372
466,nieuw amsterdam,5.8833,-55.0833,27.09,79,20,3.09,SR,1704670546
467,goundam,16.4145,-3.6708,23.91,12,100,3.85,ML,1704670546
468,port-cartier,50.0334,-66.8654,-11.18,76,89,2.9,CA,1704670547
469,carentan,49.3031,-1.2481,4.82,70,95,7.31,FR,1704670395
470,klaksvik,62.2266,-6.589,5.51,76,15,4.12,FO,1704670547
471,wamba,8.9333,8.6,22.39,16,0,2.11,NG,1704670547
472,ventspils,57.3894,21.5606,-18.04,85,2,0.51,LV,1704670547
473,mananjary,-21.2167,48.3333,23.93,98,100,0.67,MG,1704670547
474,kuusamo,65.9667,29.1833,-8.98,92,100,6.17,FI,1704670547
475,udachny,66.4167,112.4,-24.65,95,100,6.33,RU,1704670547
476,devils lake,48.1128,-98.8651,-14.94,89,100,3.6,US,1704670547
477,douliu,23.7094,120.5433,17.09,59,69,0.86,TW,1704670547
478,tevriz,57.509,72.4042,-6.79,96,100,3.21,RU,1704670547
479,puerto baquerizo moreno,-0.9,-89.6,24.88,84,99,5.76,EC,1704670547
480,uige,-7.6087,15.0613,18.63,94,97,0.14,AO,1704670547
481,lucapa,-8.4192,20.7447,18.73,97,96,1.42,AO,1704670547
482,phalaborwa,-23.943,31.1411,25.6,67,0,4.61,ZA,1704670547
483,mana,5.6592,-53.7767,25.18,80,67,4.17,GF,1704670548
484,mersa matruh,31.3525,27.2453,13.11,50,0,2.06,EG,1704670548
485,noumea,-22.2763,166.4572,26.99,66,95,5.26,NC,1704670064
486,bayside,40.8424,-124.0637,10.5,77,40,5.14,US,1704670548
487,new norfolk,-42.7826,147.0587,15.72,87,100,1.76,AU,1704670548
488,teknaf,20.8624,92.3058,17.01,67,1,4.5,BD,1704670548
489,la sarre,48.8002,-79.1996,-10.97,97,91,0.83,CA,1704670359
490,khanpur,28.6453,70.6567,10.98,37,0,2.44,PK,1704670548
491,puerto aysen,-45.4,-72.7,10.83,87,40,2.25,CL,1704670354
492,puerto deseado,-47.7503,-65.8938,13.73,70,79,7.31,AR,1704670548
493,usogorsk,63.4106,48.6872,-14.66,97,99,2.98,RU,1704670548
494,revda,56.801,59.9303,-21.92,96,100,4.98,RU,1704670548
495,taksimo,56.3444,114.8794,-20.34,90,100,2.11,RU,1704670548
496,portland,45.5234,-122.6762,8.78,88,75,1.34,US,1704669984
497,parral,26.9333,-105.6667,14.98,23,0,10.11,MX,1704670548
498,point fortin,10.1833,-61.6833,24.56,71,24,7.32,TT,1704670548
499,mariinsk,56.2139,87.7472,-18.29,99,89,2.85,RU,1704670548
500,chonchi,-42.6128,-73.8092,15.56,96,67,1.65,CL,1704670548
501,sola,-13.8833,167.55,30.37,74,75,0.0,VU,1704670549
502,kayenta,36.7278,-110.2546,-2.82,70,100,7.28,US,1704670549
503,nijar,36.9665,-2.206,7.03,81,0,3.09,ES,1704670549
504,antsiranana,-12.2787,49.2917,25.77,86,100,1.65,MG,1704670261
505,puerto armuelles,8.2833,-82.8667,30.99,88,89,0.87,PA,1704670549
506,nova xavantina,-14.6667,-52.35,24.44,92,51,1.44,BR,1704670549
507,christchurch,-43.5333,172.6333,28.63,56,6,7.2,NZ,1704670413
508,poronaysk,49.2167,143.1167,-16.88,91,94,0.42,RU,1704670549
509,kruisfontein,-34.0033,24.7314,17.16,86,100,2.95,ZA,1704670549
510,pangody,65.85,74.4859,-20.63,95,100,2.84,RU,1704670549
511,naha,26.2125,127.6811,17.38,60,40,2.57,JP,1704670374
512,beckley,37.7782,-81.1882,0.93,93,100,5.14,US,1704670266
513,iquique,-20.2208,-70.1431,22.02,80,79,1.69,CL,1704670439
514,dhuburi,26.0333,89.9667,14.44,61,0,1.65,IN,1704670549
515,bodaybo,57.8506,114.1933,-22.22,95,96,1.9,RU,1704670549
516,peniche,39.3558,-9.3811,5.72,59,16,1.95,PT,1704670549
517,malanje,-9.5402,16.341,17.21,87,81,1.73,AO,1704670549
518,bandar-e genaveh,29.5791,50.517,14.98,44,0,2.09,IR,1704670549
519,laojunmiao,39.8333,97.7333,-5.24,35,100,1.26,CN,1704670549
520,genhe,50.7833,121.5167,-33.9,100,30,0.41,CN,1704670549
521,o rosal,41.9354,-8.8368,6.23,67,35,3.2,ES,1704670550
522,chulakkurgan,43.765,69.1814,3.78,80,99,7.12,KZ,1704670550
523,khutar,28.2,80.2833,9.11,89,0,2.48,IN,1704670550
524,novodvinsk,64.4165,40.8122,-11.14,94,99,4.06,RU,1704670550
525,prince george,53.9166,-122.753,-6.53,86,100,1.54,CA,1704670550
526,auki,-8.7676,160.7034,29.45,71,79,2.1,SB,1704670550
527,hauterive,46.0901,3.4459,1.66,96,100,5.49,FR,1704670550
528,halifax,44.6453,-63.5724,-3.06,79,100,2.68,CA,1704670192
529,semey,50.4111,80.2275,-0.55,97,100,8.41,KZ,1704670550
530,erbil,36.1926,44.0106,4.9,87,0,1.03,IQ,1704670550
531,manokwari,-0.8667,134.0833,27.42,72,96,1.37,ID,1704670550
532,ambato boeny,-16.4667,46.7167,22.9,98,100,1.0,MG,1704670550
533,ciudad del maiz,22.4,-99.6,12.32,93,100,1.58,MX,1704670450
534,'ain deheb,34.8422,1.547,2.49,93,21,5.81,DZ,1704670550
535,canavieiras,-15.675,-38.9472,25.6,90,96,2.21,BR,1704670550
536,houma,29.5958,-90.7195,12.0,67,0,2.06,US,1704670550
537,lamu,-2.2717,40.902,26.12,80,7,5.42,KE,1704670550
538,lazaro cardenas,17.9583,-102.2,26.37,68,99,1.89,MX,1704670290
539,dongola,19.1667,30.4833,18.07,24,0,4.71,SD,1704670551
540,bakchar,57.0186,82.0711,-15.52,97,93,3.64,RU,1704670551
541,mogocha,53.7333,119.7667,-27.56,96,97,1.25,RU,1704670551
542,eraan,9.0629,117.7016,27.72,79,54,5.2,PH,1704670551
543,veinticinco de mayo,-35.4323,-60.1727,20.55,83,50,1.34,AR,1704670551
544,carupano,10.6678,-63.2585,26.52,78,48,8.29,VE,1704670551
545,ulladulla,-35.35,150.4667,19.78,97,100,4.28,AU,1704670551
546,gebeit,21.0667,36.3167,17.99,77,0,1.89,SD,1704670551
547,tofol,5.3248,163.0078,28.88,79,75,4.63,FM,1704670551
548,tirukkoyilur,11.95,79.2,21.6,98,100,2.6,IN,1704670551
549,fort mcmurray,56.7268,-111.381,-20.23,77,40,2.06,CA,1704670551
550,woolgoolga,-30.1106,153.2007,28.91,58,87,2.46,AU,1704670551
551,taungdwingyi,20.0167,95.55,16.18,66,5,1.74,MM,1704670551
552,kone,-21.0595,164.8658,29.97,60,42,1.86,NC,1704670363
553,ariano irpino-martiri,41.1489,15.0833,5.3,96,100,0.77,IT,1704670552
554,lagoa,39.05,-27.9833,15.06,68,69,11.0,PT,1704670552
555,alexandria,31.2156,29.9553,14.3,57,33,3.87,EG,1704670446
556,ust'-kut,56.7938,105.7672,-28.45,100,100,1.22,RU,1704670552
557,mariental,-24.6333,17.9667,25.45,19,78,5.96,NA,1704670552
558,qui nhon,13.7667,109.2333,21.54,89,100,0.99,VN,1704670552
559,burry port,51.6843,-4.2469,2.18,82,6,1.54,GB,1704670552
560,plumas lake,39.0207,-121.558,12.27,47,0,4.63,US,1704670552
561,maintirano,-18.0667,44.0167,27.06,85,100,1.88,MG,1704670552
562,impfondo,1.6381,18.0667,22.51,43,69,0.81,CG,1704670552
